{
  "latest_ckpt": {
    "voxelnet": "voxelnet-30950.tckpt",
    "adam_optimizer": "adam_optimizer-3712.tckpt",
    "fusion_layer": "fusion_layer-3712.tckpt"
  },
  "all_ckpts": {
    "voxelnet": [
      "voxelnet-6190.tckpt",
      "voxelnet-9285.tckpt",
      "voxelnet-9837.tckpt",
      "voxelnet-12380.tckpt",
      "voxelnet-14993.tckpt",
      "voxelnet-15475.tckpt",
      "voxelnet-18570.tckpt",
      "voxelnet-19753.tckpt",
      "voxelnet-21665.tckpt",
      "voxelnet-24760.tckpt",
      "voxelnet-24761.tckpt",
      "voxelnet-27855.tckpt",
      "voxelnet-29943.tckpt",
      "voxelnet-30950.tckpt"
    ],
    "adam_optimizer": [
      "adam_optimizer-3712.tckpt"
    ],
    "fusion_layer": [
      "fusion_layer-3712.tckpt"
    ]
  }
}